class,video_uid,start,end
actor,actor_MVI_4792,3,63
actor,actor_MVI_5372,4,64
actor,actor_MVI_8922,0,0
adult,adult_MVI_3823,6,66
adult,adult_MVI_3824,6,66
adult,adult_MVI_3825,8,68
adult,adult_MVI_4119,7,67
afternoon,afternoon_MVI_5514,0,51
alive,alive_MVI_9829,0,55
alright,alright_MVI_0044,0,58
alright,alright_MVI_0045,0,60
alright,alright_MVI_9924,0,55
alright,alright_MVI_9989,0,60
animal,animal_MVI_3083,21,81
animal,animal_MVI_3107,23,83
animal,animal_MVI_3108,23,83
animal,animal_MVI_4167,8,68
artist,artist_MVI_4500,4,64
artist,artist_MVI_4503,7,67
artist,artist_MVI_5357,0,55
attack,attack_MVI_8706,0,0
attack,attack_MVI_8964,0,0
attack,attack_MVI_8966,0,0
author,author_MVI_4505,35,95
author,author_MVI_5359,24,84
author,author_MVI_8911,0,0
baby,baby_MVI_3771,0,54
baby,baby_MVI_3918,4,64
baby,baby_MVI_4068,0,60
baby,baby_MVI_4947,0,54
bad,bad_MVI_9272,0,46
bad,bad_MVI_9352,0,43
bad,bad_MVI_9353,0,46
bad,bad_MVI_9433,0,46
bag,bag_MVI_4434,0,47
bag,bag_MVI_4943,0,60
bag,bag_MVI_8841,0,0
ball,ball_MVI_4854,0,44
ball,ball_MVI_4856,0,41
ball,ball_MVI_8982,0,0
bank,bank_MVI_3421,0,59
bank,bank_MVI_3422,0,59
bank,bank_MVI_3500,0,44
bank,bank_MVI_3663,0,44
bathroom,bathroom_MVI_4378,0,60
bathroom,bathroom_MVI_4901,0,60
bathroom,bathroom_MVI_9027,0,0
beautiful,beautiful_MVI_9726,0,60
bedroom,bedroom_MVI_4372,7,67
bedroom,bedroom_MVI_8777,0,0
bedroom,bedroom_MVI_9021,0,0
bed,bed_MVI_4354,0,58
bed,bed_MVI_4355,0,59
bed,bed_MVI_4875,0,58
bicycle,bicycle_MVI_3122,5,65
bicycle,bicycle_MVI_3123,7,67
bicycle,bicycle_MVI_3153,3,63
bicycle,bicycle_MVI_3246,7,67
biglarge,biglarge_MVI_5123,0,54
biglarge,biglarge_MVI_5284,0,55
biglarge,biglarge_MVI_5285,0,51
biglarge,biglarge_MVI_9317,0,48
bill,bill_MVI_4809,0,53
bill,bill_MVI_4810,0,60
bill,bill_MVI_4811,0,60
bird,bird_MVI_3013,12,72
bird,bird_MVI_3038,20,80
bird,bird_MVI_3071,9,69
bird,bird_MVI_3094,16,76
black,black_MVI_4039,0,48
black,black_MVI_4918,0,43
black,black_MVI_5058,0,47
black,black_MVI_8619,0,0
blind,blind_MVI_9584,0,58
blue,blue_MVI_3872,10,70
blue,blue_MVI_3874,8,68
blue,blue_MVI_4026,0,56
blue,blue_MVI_4209,0,49
boat,boat_MVI_3130,30,90
boat,boat_MVI_3159,17,77
boat,boat_MVI_3160,26,86
boat,boat_MVI_4190,7,67
book,book_MVI_4399,0,51
book,book_MVI_8805,0,0
book,book_MVI_9042,0,0
box,box_MVI_4439,6,66
box,box_MVI_9076,0,0
box,box_MVI_9077,0,0
boy,boy_MVI_3963,13,73
boy,boy_MVI_4242,0,60
boy,boy_MVI_4981,0,54
boy,boy_MVI_5132,0,59
brother,brother_MVI_3927,13,73
brother,brother_MVI_4075,0,60
brother,brother_MVI_5095,0,59
brother,brother_MVI_5096,0,60
brown,brown_MVI_3733,0,53
brown,brown_MVI_3880,16,76
brown,brown_MVI_4030,0,60
brown,brown_MVI_5197,0,59
bus,bus_MVI_3156,15,75
bus,bus_MVI_3185,7,67
bus,bus_MVI_3186,12,72
bus,bus_MVI_3249,17,77
camera,camera_MVI_4979,0,47
camera,camera_MVI_5409,0,60
camera,camera_MVI_9114,0,0
card,card_MVI_4447,0,60
card,card_MVI_4448,0,60
card,card_MVI_8852,0,0
car,car_MVI_3146,60,120
car,car_MVI_3176,24,84
car,car_MVI_4176,7,67
car,car_MVI_8584,0,0
cat,cat_MVI_2981,3,63
cat,cat_MVI_3032,8,68
cat,cat_MVI_3064,0,60
cat,cat_MVI_8563,0,0
cellphone,cellphone_MVI_4539,0,53
cellphone,cellphone_MVI_5391,0,46
cellphone,cellphone_MVI_9100,0,0
chair,chair_MVI_4351,0,44
chair,chair_MVI_9005,0,0
chair,chair_MVI_9006,0,0
cheap,cheap_MVI_9751,0,60
cheap,cheap_MVI_9754,0,60
child,child_MVI_3968,26,86
child,child_MVI_5139,0,52
child,child_MVI_5140,0,52
child,child_MVI_8646,0,0
city,city_MVI_3265,16,76
city,city_MVI_3509,0,59
city,city_MVI_3589,0,60
city,city_MVI_3592,0,54
clean,clean_MVI_9681,0,60
clock,clock_MVI_5380,0,60
clock,clock_MVI_5382,8,68
clock,clock_MVI_9093,0,0
clothing,clothing_MVI_3864,14,74
clothing,clothing_MVI_4896,0,50
clothing,clothing_MVI_5181,0,58
clothing,clothing_MVI_5183,0,54
cold,cold_MVI_5219,0,56
cold,cold_MVI_9252,0,49
cold,cold_MVI_9412,0,53
cold,cold_MVI_9413,0,56
colour,colour_MVI_4930,0,52
colour,colour_MVI_5068,0,44
colour,colour_MVI_5215,0,49
colour,colour_MVI_5216,0,54
computer,computer_MVI_4543,3,63
computer,computer_MVI_4544,6,66
computer,computer_MVI_9104,0,0
cool,cool_MVI_5145,9,69
cool,cool_MVI_9257,0,46
cool,cool_MVI_9498,0,53
cool,cool_MVI_9499,0,56
court,court_MVI_3365,13,73
court,court_MVI_3370,9,69
court,court_MVI_3455,0,59
court,court_MVI_3612,0,60
cow,cow_MVI_3047,12,72
cow,cow_MVI_3048,34,94
cow,cow_MVI_3074,12,72
cow,cow_MVI_8569,0,0
crowd,crowd_MVI_3981,13,73
crowd,crowd_MVI_3983,0,60
crowd,crowd_MVI_5005,0,54
crowd,crowd_MVI_5153,0,59
curved,curved_MVI_9759,0,60
daughter,daughter_MVI_3756,0,52
daughter,daughter_MVI_4054,0,60
daughter,daughter_MVI_5074,0,60
daughter,daughter_MVI_5221,0,59
dead,dead_MVI_9826,0,51
deaf,deaf_MVI_9582,0,58
death,death_MVI_4802,0,60
death,death_MVI_8664,0,0
death,death_MVI_8931,0,0
deep,deep_MVI_9673,0,60
deep,deep_MVI_9798,0,60
dirty,dirty_MVI_9687,2,62
doctor,doctor_MVI_4471,5,65
doctor,doctor_MVI_5323,0,51
doctor,doctor_MVI_8875,0,0
dog,dog_MVI_2978,11,71
dog,dog_MVI_3085,14,74
dog,dog_MVI_8560,0,0
dog,dog_MVI_8561,0,0
door,door_MVI_4369,0,57
door,door_MVI_4886,0,50
door,door_MVI_8770,0,0
dream,dream_MVI_4879,7,67
dream,dream_MVI_9010,0,0
dream,dream_MVI_9012,0,0
dress,dress_MVI_3693,0,59
dress,dress_MVI_4870,0,53
dress,dress_MVI_5010,0,51
dress,dress_MVI_5159,0,51
dry,dry_MVI_5167,5,65
dry,dry_MVI_5248,0,58
dry,dry_MVI_9277,0,57
dry,dry_MVI_9441,0,57
election,election_MVI_4305,8,68
election,election_MVI_8712,0,0
election,election_MVI_8967,0,0
energy,energy_MVI_4287,0,46
energy,energy_MVI_4827,0,51
energy,energy_MVI_8955,0,0
evening,evening_MVI_5072,0,41
exercise,exercise_MVI_4321,0,58
exercise,exercise_MVI_4323,0,60
exercise,exercise_MVI_8728,0,0
exmonsoon,exmonsoon_MVI_4673,0,60
exmonsoon,exmonsoon_MVI_5080,0,47
exmonsoon,exmonsoon_MVI_5529,0,48
expensive,expensive_MVI_9748,0,60
expensive,expensive_MVI_9749,0,60
fall,fall_MVI_4577,3,63
fall,fall_MVI_4578,0,57
fall,fall_MVI_5436,0,52
family,family_MVI_3789,0,54
family,family_MVI_5249,0,54
family,family_MVI_8635,0,0
famous,famous_MVI_9715,0,51
fan,fan_MVI_4536,0,60
fan,fan_MVI_9097,0,0
fan,fan_MVI_9099,0,0
fast,fast_MVI_5134,7,67
fast,fast_MVI_9327,0,43
fast,fast_MVI_9405,0,51
fast,fast_MVI_9486,1,61
father,father_MVI_3764,0,56
father,father_MVI_4060,0,56
father,father_MVI_4061,0,57
father,father_MVI_4062,0,56
female,female_MVI_9644,0,46
female,female_MVI_9767,0,47
fish,fish_MVI_2985,6,66
fish,fish_MVI_3035,16,76
fish,fish_MVI_3068,6,66
fish,fish_MVI_3092,9,69
flat,flat_MVI_9755,0,58
friday,friday_MVI_4609,0,57
friend,friend_MVI_3828,0,60
friend,friend_MVI_3975,0,60
friend,friend_MVI_3976,11,71
friend,friend_MVI_4123,0,51
gift,gift_MVI_4442,0,46
gift,gift_MVI_8846,0,0
gift,gift_MVI_9080,0,0
girl,girl_MVI_3818,0,52
girl,girl_MVI_3819,0,58
girl,girl_MVI_3965,11,71
girl,girl_MVI_3966,5,65
god,god_MVI_4343,0,60
god,god_MVI_4867,0,56
god,god_MVI_8995,0,0
goodafternoon,goodafternoon_MVI_0050_ (1),16,76
goodafternoon,goodafternoon_MVI_0050_ (2),14,74
goodafternoon,goodafternoon_MVI_0051,0,56
goodafternoon,goodafternoon_MVI_9938,0,51
goodafternoon,goodafternoon_MVI_9972,2,62
goodafternoon,goodafternoon_MVI_9994,0,55
goodevening,goodevening_MVI_0052,0,53
goodevening,goodevening_MVI_005_4 (1),11,71
goodevening,goodevening_MVI_005_4 (2),17,77
goodevening,goodevening_MVI_005_4 (3),13,73
goodevening,goodevening_MVI_0105,6,66
goodevening,goodevening_MVI_9941,0,60
goodevening,goodevening_MVI_9976,10,70
goodmorning,goodmorning_MVI_0043,14,74
goodmorning,goodmorning_MVI_0099,3,63
goodmorning,goodmorning_MVI_9934,0,56
goodmorning,goodmorning_MVI_9992,0,58
goodnight,goodnight_MVI_0108,4,64
goodnight,goodnight_MVI_9946,0,56
goodnight,goodnight_MVI_9947,0,59
goodnight,goodnight_MVI_9981,0,60
good,good_MVI_5239,0,56
good,good_MVI_9270,0,46
good,good_MVI_9432,0,59
good,good_MVI_9510,0,60
grandfather,grandfather_MVI_3791,6,66
grandfather,grandfather_MVI_3939,2,62
grandfather,grandfather_MVI_4234,3,63
grandmother,grandmother_MVI_3942,6,66
grandmother,grandmother_MVI_5107,8,68
grandmother,grandmother_MVI_8637,0,0
green,green_MVI_3722,0,53
green,green_MVI_3870,8,68
green,green_MVI_4901,0,52
green,green_MVI_5189,0,60
grey,grey_MVI_4045,0,53
grey,grey_MVI_5213,0,59
grey,grey_MVI_5214,4,64
grey,grey_MVI_8621,0,0
ground,ground_MVI_3416,0,60
ground,ground_MVI_3417,0,60
ground,ground_MVI_3577,0,53
ground,ground_MVI_3578,0,53
gun,gun_MVI_4312,0,50
gun,gun_MVI_8720,0,0
gun,gun_MVI_8974,0,0
happy,happy_MVI_5264,0,56
happy,happy_MVI_5265,0,48
happy,happy_MVI_5342,0,53
happy,happy_MVI_9542,0,58
hard,hard_MVI_9668,0,60
hard,hard_MVI_9796,0,56
hat,hat_MVI_4865,3,63
hat,hat_MVI_4866,0,57
hat,hat_MVI_5154,0,60
hat,hat_MVI_5156,0,51
healthy,healthy_MVI_5255,0,60
healthy,healthy_MVI_5334,0,54
healthy,healthy_MVI_9288,2,62
healthy,healthy_MVI_9366,0,57
heavy,heavy_MVI_9831,0,60
hello,hello_MVI_0029,0,60
hello,hello_MVI_9914,0,53
hello,hello_MVI_9956,4,64
hello,hello_MVI_9983,0,53
he,he_MVI_0005,9,69
he,he_MVI_0018,0,42
he,he_MVI_0020,0,53
he,he_MVI_9963,0,51
high,high_MVI_9782,0,58
high,high_MVI_9783,0,60
horse,horse_MVI_2996,0,60
horse,horse_MVI_3021,12,72
horse,horse_MVI_3023,16,76
horse,horse_MVI_3104,0,60
hospital,hospital_MVI_3481,2,62
hospital,hospital_MVI_3483,0,60
hospital,hospital_MVI_3639,0,54
hospital,hospital_MVI_3640,0,56
hot,hot_MVI_5136,9,69
hot,hot_MVI_9248,0,48
hot,hot_MVI_9330,0,50
hot,hot_MVI_9487,1,61
hour,hour_MVI_4639,3,63
house,house_MVI_3270,5,65
house,house_MVI_3435,0,60
house,house_MVI_3437,0,60
house,house_MVI_3514,0,48
howareyou,howareyou_MVI_0033,11,71
howareyou,howareyou_MVI_0041,3,63
howareyou,howareyou_MVI_9920,4,64
howareyou,howareyou_MVI_9959,10,70
husband,husband_MVI_3798,0,51
husband,husband_MVI_4092,6,66
husband,husband_MVI_5114,15,75
husband,husband_MVI_8638,0,0
india,india_MVI_3410,0,60
india,india_MVI_3413,0,59
india,india_MVI_3495,0,49
india,india_MVI_3574,0,40
it,it_MVI_0025,0,40
it,it_MVI_0026,0,43
it,it_MVI_0076,0,60
it,it_MVI_9937,10,70
i,i_MVI_0001,5,65
i,i_MVI_0002,26,86
i,i_MVI_0065,8,68
i,i_MVI_9920,19,79
job,job_MVI_4794,0,60
job,job_MVI_4795,0,56
job,job_MVI_8924,0,0
key,key_MVI_4409,0,52
key,key_MVI_4925,0,56
key,key_MVI_8816,0,0
king,king_MVI_4970,0,52
king,king_MVI_5121,0,60
king,king_MVI_5269,0,60
king,king_MVI_5270,0,56
kitchen,kitchen_MVI_4374,1,61
kitchen,kitchen_MVI_4899,7,67
kitchen,kitchen_MVI_9024,0,0
lamp,lamp_MVI_4529,0,50
lamp,lamp_MVI_9094,0,0
lamp,lamp_MVI_9096,0,0
laptop,laptop_MVI_4547,6,66
laptop,laptop_MVI_5400,0,55
laptop,laptop_MVI_5402,0,60
lawyer,lawyer_MVI_4466,0,60
lawyer,lawyer_MVI_5319,0,48
lawyer,lawyer_MVI_8871,0,0
letter,letter_MVI_4417,2,62
letter,letter_MVI_4931,0,58
letter,letter_MVI_8823,0,0
library,library_MVI_3314,0,60
library,library_MVI_3559,9,69
library,library_MVI_3665,6,66
library,library_MVI_3668,24,84
light,light_MVI_9714,0,60
light,light_MVI_9837,0,60
location,location_MVI_3341,5,65
location,location_MVI_3342,0,60
location,location_MVI_3588,0,51
location,location_MVI_3672,5,65
lock,lock_MVI_4427,0,52
lock,lock_MVI_4935,0,51
lock,lock_MVI_8832,0,0
long,long_MVI_5187,0,60
long,long_MVI_5188,0,51
long,long_MVI_5267,0,60
long,long_MVI_9458,0,56
loose,loose_MVI_9652,4,64
loud,loud_MVI_5257,0,52
loud,loud_MVI_9289,0,55
loud,loud_MVI_9369,0,48
loud,loud_MVI_9448,0,56
low,low_MVI_9785,0,53
male,male_MVI_9640,0,60
male,male_MVI_9765,0,54
manager,manager_MVI_5362,11,71
manager,manager_MVI_5363,10,70
manager,manager_MVI_8915,0,0
man,man_MVI_3774,0,47
man,man_MVI_4951,0,41
man,man_MVI_5238,0,58
man,man_MVI_5239,0,53
market,market_MVI_3491,0,49
market,market_MVI_3571,0,49
market,market_MVI_3650,0,49
marriage,marriage_MVI_4272,0,54
marriage,marriage_MVI_8678,0,0
marriage,marriage_MVI_8942,0,0
mean,mean_MVI_9593,0,47
mean,mean_MVI_9731,0,57
medicine,medicine_MVI_4261,8,68
medicine,medicine_MVI_4805,0,60
medicine,medicine_MVI_8934,0,0
minute,minute_MVI_5053,0,49
monday,monday_MVI_4594,0,59
money,money_MVI_4265,0,49
money,money_MVI_4806,0,60
money,money_MVI_8669,0,0
month,month_MVI_5487,0,39
morning,morning_MVI_4651,0,53
mother,mother_MVI_3906,1,61
mother,mother_MVI_3907,4,64
mother,mother_MVI_4938,0,53
mother,mother_MVI_4939,0,57
mouse,mouse_MVI_3050,0,60
mouse,mouse_MVI_3051,0,60
mouse,mouse_MVI_3078,0,60
mouse,mouse_MVI_3101,0,60
narrow,narrow_MVI_5200,1,61
narrow,narrow_MVI_9232,0,46
narrow,narrow_MVI_9392,0,54
narrow,narrow_MVI_9474,0,54
neighbour,neighbour_MVI_3812,0,53
neighbour,neighbour_MVI_4105,0,60
neighbour,neighbour_MVI_4241,0,60
neighbour,neighbour_MVI_4979,0,49
newspaper,newspaper_MVI_4310,6,66
newspaper,newspaper_MVI_4311,4,64
newspaper,newspaper_MVI_8972,0,0
new,new_MVI_9259,0,46
new,new_MVI_9340,0,49
new,new_MVI_9500,0,56
new,new_MVI_9502,0,52
nice,nice_MVI_9591,0,59
night,night_MVI_4666,0,52
office,office_MVI_3296,0,60
office,office_MVI_3541,0,52
office,office_MVI_3620,0,44
office,office_MVI_3676,0,60
old,old_MVI_5152,6,66
old,old_MVI_9262,0,46
old,old_MVI_9426,0,49
old,old_MVI_9506,1,61
orange,orange_MVI_3885,14,74
orange,orange_MVI_5055,0,54
orange,orange_MVI_5056,0,56
orange,orange_MVI_5205,0,57
page,page_MVI_4403,6,66
page,page_MVI_4922,0,48
page,page_MVI_9047,0,0
paint,paint_MVI_4413,0,54
paint,paint_MVI_4926,0,60
paint,paint_MVI_9052,0,0
pant,pant_MVI_3855,0,60
pant,pant_MVI_4006,0,60
pant,pant_MVI_4203,0,43
pant,pant_MVI_5173,0,43
paper,paper_MVI_4422,0,57
paper,paper_MVI_4423,0,50
paper,paper_MVI_9059,0,0
parent,parent_MVI_3916,12,72
parent,parent_MVI_4063,9,69
parent,parent_MVI_4064,6,66
parent,parent_MVI_4065,6,66
park,park_MVI_3380,0,60
park,park_MVI_3381,0,60
park,park_MVI_3470,0,59
park,park_MVI_3628,0,45
patient,patient_MVI_4758,8,68
patient,patient_MVI_5326,0,55
patient,patient_MVI_8878,0,0
peace,peace_MVI_4833,0,60
peace,peace_MVI_4835,3,63
peace,peace_MVI_8703,0,0
pencil,pencil_MVI_4386,0,53
pencil,pencil_MVI_4904,0,53
pencil,pencil_MVI_9030,0,0
pen,pen_MVI_4907,0,48
pen,pen_MVI_8793,0,0
pen,pen_MVI_9033,0,0
photograph,photograph_MVI_4910,0,58
photograph,photograph_MVI_8797,0,0
photograph,photograph_MVI_8799,0,0
pink,pink_MVI_3882,7,67
pink,pink_MVI_5053,0,53
pink,pink_MVI_5202,0,57
pink,pink_MVI_8617,0,0
plane,plane_MVI_3113,12,72
plane,plane_MVI_3143,7,67
plane,plane_MVI_3206,8,68
plane,plane_MVI_4174,0,60
player,player_MVI_3830,0,59
player,player_MVI_3979,8,68
player,player_MVI_5304,0,60
player,player_MVI_8649,0,0
pleased,pleased_MVI_0009,0,56
pleased,pleased_MVI_0061,0,55
pleased,pleased_MVI_9954,0,46
pleased,pleased_MVI_9991,3,63
pocket,pocket_MVI_4891,0,60
pocket,pocket_MVI_4892,0,57
pocket,pocket_MVI_5032,0,60
pocket,pocket_MVI_5179,0,50
police,police_MVI_4775,0,49
police,police_MVI_5346,0,52
police,police_MVI_5348,0,51
poor,poor_MVI_9600,0,60
president,president_MVI_3810,0,60
president,president_MVI_3956,6,66
president,president_MVI_4976,0,51
president,president_MVI_5276,0,56
price,price_MVI_4859,0,54
price,price_MVI_8734,0,0
price,price_MVI_8735,0,0
priest,priest_MVI_4488,6,66
priest,priest_MVI_5342,0,53
priest,priest_MVI_5344,0,47
queen,queen_MVI_3953,9,69
queen,queen_MVI_3955,8,68
queen,queen_MVI_4972,0,50
queen,queen_MVI_4974,0,43
quiet,quiet_MVI_5180,4,64
quiet,quiet_MVI_5182,9,69
quiet,quiet_MVI_5340,0,53
quiet,quiet_MVI_9371,0,48
raceethnicity,raceethnicity_MVI_4282,0,57
raceethnicity,raceethnicity_MVI_4822,0,60
raceethnicity,raceethnicity_MVI_4823,0,58
radio,radio_MVI_4563,0,55
radio,radio_MVI_4987,0,47
radio,radio_MVI_9120,0,0
red,red_MVI_3720,0,60
red,red_MVI_4018,0,60
red,red_MVI_4019,0,60
red,red_MVI_4898,0,60
religion,religion_MVI_4251,34,94
religion,religion_MVI_8659,0,0
religion,religion_MVI_8929,0,0
reporter,reporter_MVI_4790,0,60
reporter,reporter_MVI_5366,0,59
reporter,reporter_MVI_5369,0,60
restaurant,restaurant_MVI_3363,0,59
restaurant,restaurant_MVI_3364,0,60
restaurant,restaurant_MVI_3530,0,55
restaurant,restaurant_MVI_3608,0,47
rich,rich_MVI_9597,0,60
rich,rich_MVI_9734,0,60
ring,ring_MVI_4452,0,51
ring,ring_MVI_8857,0,0
ring,ring_MVI_8858,0,0
sad,sad_MVI_9567,0,59
saturday,saturday_MVI_9158,0,0
school,school_MVI_3292,0,60
school,school_MVI_3536,0,53
school,school_MVI_3537,0,43
school,school_MVI_3615,0,55
science,science_MVI_4336,0,50
science,science_MVI_4338,0,53
science,science_MVI_4865,0,60
screen,screen_MVI_4976,0,59
screen,screen_MVI_5406,0,60
screen,screen_MVI_9112,0,0
season,season_MVI_4584,30,90
season,season_MVI_5004,21,81
season,season_MVI_9136,0,0
secondnumber,secondnumber_MVI_4650,0,0
second,second_MVI_5058,0,50
second,second_MVI_9213,0,0
secretary,secretary_MVI_4482,3,63
secretary,secretary_MVI_4768,3,63
secretary,secretary_MVI_5338,0,59
shallow,shallow_MVI_9801,20,80
she,she_MVI_0022,0,50
she,she_MVI_0023,0,51
she,she_MVI_9933,13,73
she,she_MVI_9968,0,54
shirt,shirt_MVI_3702,9,69
shirt,shirt_MVI_3999,12,72
shirt,shirt_MVI_4201,2,62
shirt,shirt_MVI_5168,3,63
shoes,shoes_MVI_3710,0,60
shoes,shoes_MVI_3857,21,81
shoes,shoes_MVI_4009,0,60
shoes,shoes_MVI_4887,3,63
short,short_MVI_5112,0,60
short,short_MVI_5190,0,56
short,short_MVI_9222,0,49
short,short_MVI_9461,0,57
sick,sick_MVI_5170,3,63
sick,sick_MVI_5172,8,68
sick,sick_MVI_9527,3,63
sick,sick_MVI_9528,5,65
sign,sign_MVI_4333,0,55
sign,sign_MVI_4335,0,59
sign,sign_MVI_8991,0,0
sister,sister_MVI_4078,0,56
sister,sister_MVI_4959,0,43
sister,sister_MVI_5098,0,59
sister,sister_MVI_5099,0,58
skirt,skirt_MVI_3700,14,74
skirt,skirt_MVI_3997,0,60
skirt,skirt_MVI_4875,0,58
skirt,skirt_MVI_4876,0,60
slow,slow_MVI_5132,12,72
slow,slow_MVI_5289,0,60
slow,slow_MVI_5290,0,52
slow,slow_MVI_9240,0,57
smalllittle,smalllittle_MVI_5126,9,69
smalllittle,smalllittle_MVI_5128,0,60
smalllittle,smalllittle_MVI_9236,0,44
smalllittle,smalllittle_MVI_9321,0,54
soap,soap_MVI_4396,0,50
soap,soap_MVI_4913,0,56
soap,soap_MVI_8800,0,0
soft,soft_MVI_9789,0,54
soldier,soldier_MVI_4496,0,54
soldier,soldier_MVI_4778,0,57
soldier,soldier_MVI_5353,0,42
son,son_MVI_3755,0,52
son,son_MVI_4052,0,60
son,son_MVI_4931,0,60
son,son_MVI_5072,0,60
sport,sport_MVI_4319,0,60
sport,sport_MVI_4850,0,59
sport,sport_MVI_8722,0,0
spring,spring_MVI_4993,10,70
spring,spring_MVI_4995,0,60
spring,spring_MVI_9125,0,0
storeorshop,storeorshop_MVI_3307,0,59
storeorshop,storeorshop_MVI_3308,0,60
storeorshop,storeorshop_MVI_3552,0,46
streetorroad,streetorroad_MVI_3442,0,54
streetorroad,streetorroad_MVI_3443,0,57
streetorroad,streetorroad_MVI_3517,0,60
streetorroad,streetorroad_MVI_3597,0,57
strong,strong_MVI_9814,0,53
strong,strong_MVI_9817,0,48
student,student_MVI_4463,7,67
student,student_MVI_5315,0,58
student,student_MVI_8868,0,0
suit,suit_MVI_3843,2,62
suit,suit_MVI_5013,0,55
suit,suit_MVI_5162,0,60
suit,suit_MVI_8602,0,0
summer,summer_MVI_4991,0,60
summer,summer_MVI_4992,0,60
summer,summer_MVI_5421,3,63
sunday,sunday_MVI_5008,0,47
table,table_MVI_4344,0,55
table,table_MVI_4346,0,49
table,table_MVI_8753,0,0
tall,tall_MVI_5114,3,63
tall,tall_MVI_5116,0,60
tall,tall_MVI_5194,0,52
tall,tall_MVI_9465,0,50
teacher,teacher_MVI_5310,0,60
teacher,teacher_MVI_5313,0,55
teacher,teacher_MVI_8866,0,0
team,team_MVI_4819,0,58
team,team_MVI_4820,0,56
team,team_MVI_8946,0,0
technology,technology_MVI_4283,0,51
technology,technology_MVI_4284,0,56
technology,technology_MVI_8692,0,0
telephone,telephone_MVI_4428,0,41
telephone,telephone_MVI_4431,0,46
telephone,telephone_MVI_8834,0,0
television,television_MVI_4982,0,52
television,television_MVI_4985,0,57
television,television_MVI_4986,0,49
temple,temple_MVI_3321,5,65
temple,temple_MVI_3401,9,69
temple,temple_MVI_3486,6,66
temple,temple_MVI_3567,5,65
thankyou,thankyou_MVI_0059,0,56
thankyou,thankyou_MVI_0060,0,56
thankyou,thankyou_MVI_0111,0,60
thankyou,thankyou_MVI_9948,0,53
they,they_MVI_0025,11,71
they,they_MVI_0088,5,65
they,they_MVI_9950,16,76
they,they_MVI_9979,0,56
thick,thick_MVI_9607,4,64
thick,thick_MVI_9743,0,60
thin,thin_MVI_9612,0,60
thursday,thursday_MVI_5021,0,56
tight,tight_MVI_9774,0,60
time,time_MVI_9202,0,0
today,today_MVI_4616,0,54
tomorrow,tomorrow_MVI_5477,0,41
tool,tool_MVI_4456,3,63
tool,tool_MVI_8863,0,0
tool,tool_MVI_9089,0,0
trainstation,trainstation_MVI_3276,5,65
trainstation,trainstation_MVI_3357,0,60
trainstation,trainstation_MVI_3359,0,60
trainstation,trainstation_MVI_3360,0,60
trainticket,trainticket_MVI_3132,8,68
trainticket,trainticket_MVI_3253,6,66
trainticket,trainticket_MVI_4192,4,64
trainticket,trainticket_MVI_8596,0,0
train,train_MVI_3112,6,66
train,train_MVI_3139,15,75
train,train_MVI_3168,6,66
train,train_MVI_3230,12,72
transportation,transportation_MVI_3135,10,70
transportation,transportation_MVI_3199,8,68
transportation,transportation_MVI_3201,10,70
transportation,transportation_MVI_8599,0,0
truck,truck_MVI_3180,22,82
truck,truck_MVI_3213,9,69
truck,truck_MVI_4181,0,59
truck,truck_MVI_8585,0,0
tshirt,tshirt_MVI_3851,21,81
tshirt,tshirt_MVI_4882,4,64
tshirt,tshirt_MVI_5023,3,63
tshirt,tshirt_MVI_5169,0,60
tuesday,tuesday_MVI_4596,0,55
ugly,ugly_MVI_9576,0,59
ugly,ugly_MVI_9847,0,52
university,university_MVI_3299,0,60
university,university_MVI_3465,0,55
university,university_MVI_3467,0,60
university,university_MVI_3544,0,42
waiter,waiter_MVI_4761,5,65
waiter,waiter_MVI_5333,0,60
waiter,waiter_MVI_8883,0,0
warm,warm_MVI_5222,0,60
warm,warm_MVI_5302,0,55
warm,warm_MVI_9253,0,48
warm,warm_MVI_9255,0,51
war,war_MVI_4294,0,55
war,war_MVI_4830,0,56
war,war_MVI_8957,0,0
weak,weak_MVI_9818,0,54
weak,weak_MVI_9819,0,60
wednesday,wednesday_MVI_4600,0,54
week,week_MVI_5484,0,39
wet,wet_MVI_5324,0,54
wet,wet_MVI_9276,3,63
wet,wet_MVI_9356,0,57
wet,wet_MVI_9357,0,59
we,we_MVI_0018,7,67
we,we_MVI_0029,0,60
we,we_MVI_0079,5,65
we,we_MVI_9941,5,65
white,white_MVI_3744,0,45
white,white_MVI_3892,8,68
white,white_MVI_5062,0,47
white,white_MVI_5211,0,56
wide,wide_MVI_5118,0,48
wide,wide_MVI_5197,0,60
wide,wide_MVI_5279,0,60
wide,wide_MVI_9312,0,53
wife,wife_MVI_3799,0,53
wife,wife_MVI_3800,0,53
wife,wife_MVI_4967,0,53
wife,wife_MVI_5118,0,58
window,window_MVI_4362,12,72
window,window_MVI_4364,10,70
window,window_MVI_4883,5,65
winter,winter_MVI_4998,0,52
winter,winter_MVI_5432,0,60
winter,winter_MVI_9129,0,0
woman,woman_MVI_3777,0,46
woman,woman_MVI_4072,0,52
woman,woman_MVI_4229,0,46
woman,woman_MVI_4953,0,51
year,year_MVI_9177,0,0
yellow,yellow_MVI_3729,0,60
yellow,yellow_MVI_3730,0,48
yellow,yellow_MVI_4908,0,50
yellow,yellow_MVI_5048,0,44
yesterday,yesterday_MVI_4624,0,47
young,young_MVI_5235,0,60
young,young_MVI_9347,0,47
young,young_MVI_9348,0,46
young,young_MVI_9507,0,58
youplural,youplural_MVI_0083,8,68
youplural,youplural_MVI_9907,0,53
youplural,youplural_MVI_9947,3,63
youplural,youplural_MVI_9975,3,63
you,you_MVI_0017,0,48
you,you_MVI_9886,0,45
you,you_MVI_9923,5,65
you,you_MVI_9924,8,68
